Workbook

Sheet Students_Input
A1: full_name | B1: username | C1: university_id | D1: category_id | E1: order_number | F1: category_display
A2: Ahmad Al-Khatib | B2: ahmad.khatib1 | C2: 100234 | D2: =IFERROR(INDEX(Categories_Ref!$A$2:$A$1000,MATCH(F2,Categories_Ref!$D$2:$D$1000,0)),"") -> b3e1c2a4-7f5d-4a9e-9c2b-1234567890ab | E2: 1 | F2: الطب البشري - السنة الأولى
A3: Lama Al-Sayed | B3: lama_sayed22 | C3: 100235 | D3: =IFERROR(INDEX(Categories_Ref!$A$2:$A$1000,MATCH(F3,Categories_Ref!$D$2:$D$1000,0)),"") -> c7d2e3b5-8a6e-4b0f-ad3c-234567890abc | E3: 2 | F3: طب الأسنان - السنة الثانية
A4: Yousef Nasser | B4: yousef.nasser | C4: 100236 | D4: =IFERROR(INDEX(Categories_Ref!$A$2:$A$1000,MATCH(F4,Categories_Ref!$D$2:$D$1000,0)),"") -> d8e3f4c6-9b7f-4c1a-be4d-34567890abcd | E4: 3 | F4: الصيدلة - السنة الثالثة
D5: =IFERROR(INDEX(Categories_Ref!$A$2:$A$1000,MATCH(F5,Categories_Ref!$D$2:$D$1000,0)),"")
D6: =IFERROR(INDEX(Categories_Ref!$A$2:$A$1000,MATCH(F6,Categories_Ref!$D$2:$D$1000,0)),"")
D7: =IFERROR(INDEX(Categories_Ref!$A$2:$A$1000,MATCH(F7,Categories_Ref!$D$2:$D$1000,0)),"")
D8: =IFERROR(INDEX(Categories_Ref!$A$2:$A$1000,MATCH(F8,Categories_Ref!$D$2:$D$1000,0)),"")
D9: =IFERROR(INDEX(Categories_Ref!$A$2:$A$1000,MATCH(F9,Categories_Ref!$D$2:$D$1000,0)),"")
D10: =IFERROR(INDEX(Categories_Ref!$A$2:$A$1000,MATCH(F10,Categories_Ref!$D$2:$D$1000,0)),"")
D11: =IFERROR(INDEX(Categories_Ref!$A$2:$A$1000,MATCH(F11,Categories_Ref!$D$2:$D$1000,0)),"")
D12: =IFERROR(INDEX(Categories_Ref!$A$2:$A$1000,MATCH(F12,Categories_Ref!$D$2:$D$1000,0)),"")
D13: =IFERROR(INDEX(Categories_Ref!$A$2:$A$1000,MATCH(F13,Categories_Ref!$D$2:$D$1000,0)),"")
D14: =IFERROR(INDEX(Categories_Ref!$A$2:$A$1000,MATCH(F14,Categories_Ref!$D$2:$D$1000,0)),"")
D15: =IFERROR(INDEX(Categories_Ref!$A$2:$A$1000,MATCH(F15,Categories_Ref!$D$2:$D$1000,0)),"")
D16: =IFERROR(INDEX(Categories_Ref!$A$2:$A$1000,MATCH(F16,Categories_Ref!$D$2:$D$1000,0)),"")
... D1000: =IFERROR(INDEX(Categories_Ref!$A$2:$A$1000,MATCH(F1000,Categories_Ref!$D$2:$D$1000,0)),"")

Sheet Categories_Ref
A1: category_id | B1: category_name | C1: year_name | D1: display_label
A2: b3e1c2a4-7f5d-4a9e-9c2b-1234567890ab | B2: الطب البشري | C2: السنة الأولى | D2: =B2&" - "&C2 -> الطب البشري - السنة الأولى
A3: c7d2e3b5-8a6e-4b0f-ad3c-234567890abc | B3: طب الأسنان | C3: السنة الثانية | D3: =B3&" - "&C3 -> طب الأسنان - السنة الثانية
A4: d8e3f4c6-9b7f-4c1a-be4d-34567890abcd | B4: الصيدلة | C4: السنة الثالثة | D4: =B4&" - "&C4 -> الصيدلة - السنة الثالثة
A5: e9f4a5d7-a08a-4d2b-cf5e-4567890abcde | B5: الهندسة المعلوماتية | C5: السنة الرابعة | D5: =B5&" - "&C5 -> الهندسة المعلوماتية - السنة الرابعة
A6: fa05b6e8-b19b-4e3c-d06f-567890abcdef | B6: طب الأسنان | C6: السنة الخامسة | D6: =B6&" - "&C6 -> طب الأسنان - السنة الخامسة

Sheet Instructions
A1: تعليمات استخدام قالب استيراد الطلاب (Student Bulk Create Template)
A3: خطوات التعبئة:
A4: 1. املأ البيانات فقط في ورقة Students_Input، ابتداءً من الصف الثاني.
A5: 2. لا تغيّر أسماء الأعمدة (full_name, username, university_id, category_id, order_number).
A6: 3. لا تُضِف أعمدة جديدة إلى الجدول (عمود category_display في الطرف الأيمن هو عمود مساعد جاهز مسبقًا).
A7: 4. لاختيار الفئة: استخدم القائمة المنسدلة في عمود category_display بصيغة (اسم الفئة - اسم السنة).
A8: 5. عمود category_id (باللون الرمادي والخط المائل) يُملأ تلقائيًا بمعرّف UUID بمجرد اختيارك من category_display - لا تُعدّله يدويًا.
A9: 6. university_id يجب أن يتكوّن من أرقام فقط (بدون أحرف أو رموز أو مسافات)، وغير مكرر لأي طالب آخر.
A10: 7. username يجب أن يكون بأحرف إنجليزية صغيرة وأرقام والرموز . _ - فقط، وبطول من 4 إلى 32 حرفًا.
A11: 8. order_number رقم صحيح موجب (1 فأكثر).
A13: بعد التعبئة:
A14: - يتم تصدير عمود category_id (بقيمته النهائية/المحسوبة) من Students_Input إلى صيغة CSV أو JSON.
... A20: - عمود display_label في Categories_Ref يُولَّد تلقائيًا (اسم الفئة - اسم السنة) ولا يجب تعديله يدويًا.
